source_id,text,expected,predicted,correct
"gretel-test-0211","i have a severe headache that feels like pressure in my head. i also have a mild fever and small red spots on my back.","General Medicine","General Medicine","true"
"gretel-test-0075","i have a lot of pain in my lymph nodes. i have rashes all over my body and i cannot sleep at night because of them.","General Medicine","General Medicine","true"
"gretel-test-0074","i have a fever, and i can't breathe well. my heart is racing, and i'm sweating a lot. i feel cold and tired, and i'm about to cough up some brown phlegm.","Pulmonology","Pulmonology","true"
"gretel-test-0073","i've been throwing up and having stomach pain. i've also lost weight and am really exhausted. i have a high fever and yellow skin.","General Medicine","General Medicine","true"
"gretel-test-0072","i've been having to go to the toilet a lot more frequently than normal, and my urine has been cloudy and smells strongly. i've also been feeling feverish.","General Medicine","General Medicine","true"
"gretel-test-0071","i'm sneezing and my nose is running. i feel exhausted and my head hurts. i have a fever.","General Medicine","General Medicine","true"
"gretel-test-0070","i have a really bad cold. my sinuses are so congested and my eyes are red. i feel so tired and drained. i have a lot of phlegm in my throat and my lymph nodes are swollen. it's hard to breathe.","General Medicine","General Medicine","true"
"gretel-test-0069","i've been having trouble seeing things clearly, and it seems to be getting worse. i'm also always tired and worn out, and i sometimes get dizzy and lightheaded.","Endocrinology","Endocrinology","true"
"gretel-test-0068","i often feel the need to urinate and have intense urges to do so. i also feel dizzy and confused, and i have lost my sight.","Endocrinology","General Medicine","false"
"gretel-test-0067","i have a burning pain in my stomach that comes and goes. i feel like i have to burp all the time, and i often feel like i have heartburn. i also have a sour taste in my mouth.","Gastroenterology","Gastroenterology","true"
"gretel-test-0066","i've been having neck pain, and i've been feeling lightheaded and shaky. i also have a dry cough, and i'm not as strong as i used to be.","Orthopedics","Orthopedics","true"
"gretel-test-0076","i have a rash that won't go away and it itches. i also have some color-different areas and bumps on my skin that resemble knots or lumps.","Dermatology","Dermatology","true"
"gretel-test-0065","i've been having trouble sleeping because of the rash that itches and hurts. my nails have little dents in them, which is really scary. my nails are also inflamed.","Dermatology","Dermatology","true"
"gretel-test-0063","i've been feeling really run down and feeble. my throat hurts, and i've got a nasty cough. i've also got a lot of chills and a high temperature.","General Medicine","General Medicine","true"
"gretel-test-0062","i have prominent blood vessels on my calves that are causing me self-consciousness and embarrassment. i believe the problem is because of my overweight.","Vascular Surgery","Vascular Surgery","true"
"gretel-test-0061","i have been having trouble breathing for a few days. i have a fever and a lot of mucus. can you recommend some medicine?","Pulmonology","Pulmonology","true"
"gretel-test-0060","i have a lot of heartburn and i feel like i'm choking when i eat. i also have a lot of stomach pain and i vomit a lot.","Gastroenterology","Gastroenterology","true"
"gretel-test-0059","i've been feeling really sick lately. i've had a cough, chills, a high temperature, and i've been having trouble breathing. i've also been sweating a lot and feeling weak and tired. i've had some thick, black phlegm too. my heart has been racing too.","Pulmonology","Pulmonology","true"
"gretel-test-0058","i'm always thirsty and i'm peeing a lot. i'm also losing weight and i'm feeling really tired.","Endocrinology","Endocrinology","true"
"gretel-test-0057","i've been coughing a lot and having trouble breathing. my throat hurts and i feel like i have a lot of phlegm in my chest. my nose has been running a lot and i feel really stuffy.","General Medicine","General Medicine","true"
"gretel-test-0056","i have a high fever, severe itching, chills, and vomiting. i also have a headache and have been perspiring a lot. additionally, i have been feeling nauseous and my muscles are sore.","General Medicine","General Medicine","true"
"gretel-test-0055","i've been having a lot of itching, nausea, and fatigue. i've also been running a fever and losing weight. my pee is black, and i've developed a yellow rash. my stomach hurts, too.","General Medicine","General Medicine","true"
"gretel-test-0054","i've been having a fever, chills, and vomiting. i've also been sweating a lot and have a headache. i've also been feeling nauseous and my muscles are aching.","General Medicine","General Medicine","true"
"gretel-test-0064","i have a chronic bad breath and a sour taste in my mouth, it sometimes gets difficult to swallow food because of this tingling sensation in my throat","Gastroenterology","Gastroenterology","true"
"gretel-test-0077","i've been having a lot of trouble breathing, and i feel like i'm constantly nauseous. i also have mild belly pain. it's been really scary.","General Medicine","General Medicine","true"
"gretel-test-0078","i have trouble swallowing food because my throat feels like it's closing up and i have a bad taste in my mouth.","Gastroenterology","Gastroenterology","true"
"gretel-test-0079","i've been having headaches, blurred vision, and acid reflux. i also have a stiff neck, depression, impatience, and excessive appetite.","Neurology","Neurology","true"
"gretel-test-0102","i have been having to pee a lot more often than usual. sometimes it hurts when i pee and the pee is bloody and smells bad. i think i have an infection, what do i do?","General Medicine","General Medicine","true"
"gretel-test-0101","i've been having a headache all day, and it's been getting worse. i also have chest pain and dizziness. i'm having trouble concentrating and focusing.","General Medicine","General Medicine","true"
"gretel-test-0100","i have been having headaches for a while now. they are really bad and make it hard to concentrate. i also have blurred vision, and i feel really nauseous. i'm not sure what's causing it, but i'm hoping you can help me figure it out.","Neurology","Neurology","true"
"gretel-test-0099","i have been having cramps in my calves when i walk or stand for a long time. i also have some very noticeable veins in my legs.","Vascular Surgery","Vascular Surgery","true"
"gretel-test-0098","i have skin irritations and rashes, especially in the crevices of my skin. my skin bruises and cuts take a while to heal as well.","Endocrinology","Endocrinology","true"
"gretel-test-0097","i have a fever, headache, and i'm tired all the time. i don't want to eat anything.","General Medicine","General Medicine","true"
"gretel-test-0096","i have been experiencing a severe fever for the past 3 days. i also have a headache and pain behind my eyes. i feel very tired and exhausted. i cannot do any work.","General Medicine","General Medicine","true"
"gretel-test-0095","my muscles are weak, my neck is stiff, and my joints are swollen. i can't move around very well, and walking is really painful.","Rheumatology","Rheumatology","true"
"gretel-test-0094","i have asthma and get wheezing and breathing issues. i also have fevers, headaches, and i'm always tired.","General Medicine","General Medicine","true"
"gretel-test-0093","i have a rash all over my body that is red and swollen. it is itchy and uncomfortable. i also have a fever.","General Medicine","General Medicine","true"
"gretel-test-0092","i've been feeling really itchy all over my body, and i've been having chills and nausea. i've been sweating a lot and i have a really high fever. i feel sick to my stomach and i have a headache. my muscles are really sore.","General Medicine","General Medicine","true"
"gretel-test-0091","i've had a bad cold for a few days. i've been coughing up phlegm and my chest hurts. i can't smell anything and my muscles are sore.","General Medicine","General Medicine","true"
"gretel-test-0090","i've been having headaches and chest pains for a few days, but today the dizziness and lack of balance got a lot worse.","General Medicine","General Medicine","true"
"gretel-test-0089","i have itchy, swollen skin that sometimes flakes. my cheeks and lips swell and it hurts a lot. i also get headaches and watery eyes from the puffing.","General Medicine","General Medicine","true"
"gretel-test-0088","i've been having a hard time peeing. it hurts when i go, and it's bloody. my head hurts, and my urine smells really bad. i can't control when i have to go, and it's really urgent when i do.","General Medicine","General Medicine","true"
"gretel-test-0087","i'm running a fever and i have a rash on my face, neck, and arms. the rash is painful and red. i'm worried about my health.","Dermatology","Dermatology","true"
"gretel-test-0086","i have a hard time concentrating and my emotions are all over the place. i feel like i'm in a fog and it's hard to do simple tasks.","Endocrinology","Endocrinology","true"
"gretel-test-0085","i've been having a scratchy throat and i'm feeling exhausted. my skin is also feeling dry and i sometimes get eye inflammation.","General Medicine","General Medicine","true"
"gretel-test-0084","i have a rash that sometimes causes my skin to peel off. i'm more susceptible to illnesses as a result. i also get shaky and my hands shake sometimes.","General Medicine","General Medicine","true"
"gretel-test-0083","i've been having stiffness and weakness in my neck muscles. my joints are stiff and it's hard to move them. walking is also painful.","Rheumatology","Rheumatology","true"
"gretel-test-0082","i have red, itchy skin. it can sometimes flake. my cheeks and lips swell, which is really annoying. i sometimes have headaches and runny eyes because of the puffiness.","General Medicine","General Medicine","true"
"gretel-test-0081","i have been having severe joint pain for a few days. i have also been vomiting and have a fever. i have been taking medication for the fever, but it doesn't seem to be helping.","General Medicine","General Medicine","true"
"gretel-test-0080","i have been developing sores on my face and nose area for a few days now. i am not sure what is causing this. the sores on my face are swollen and tender to the touch, and i have a burning sensation and redness of the skin. i am also feeling a little bit feverish and have a headache.","Dermatology","Dermatology","true"
"gretel-test-0053","i have been experiencing neck pain and feeling lightheaded and unstable on my feet.","Orthopedics","Orthopedics","true"
"gretel-test-0052","i have been having a headache that is throbbing and is on one side of my head. it is also making me feel nauseous and lightheaded.","Neurology","General Medicine","false"
"gretel-test-0051","i've been feeling really sick and i have a rash all over my body. i'm worried about what it could be.","General Medicine","General Medicine","true"
"gretel-test-0050","i have a high fever and chills every night. i don't feel like eating anything and my back, arms, legs pain a lot. there is a strange pain behind my eyes. i can't do any physical activities.","General Medicine","General Medicine","true"
"gretel-test-0022","i have a lot of heartburn and indigestion, especially after eating spicy or fatty foods. i also have chest pain when i lean forward or lie down.","Gastroenterology","Gastroenterology","true"
"gretel-test-0021","i've been feeling very sick. i have a high fever, chills, and severe itching. i've also been sweating a lot and have a headache. i've also been feeling nauseous and have muscle aches.","General Medicine","General Medicine","true"
"gretel-test-0020","i have been having headaches for a while now. they are usually on the left side of my head and are very painful. i also get nausea, vomiting, and sensitivity to light and sound. i have tried taking over-the-counter pain relievers, but they don't seem to help much.","Neurology","Neurology","true"
"gretel-test-0019","i've been feeling really itchy all over, and i've been throwing up. i'm also really tired, and i've lost a lot of weight. my skin and my pee are both yellow, and my stomach hurts.","General Medicine","General Medicine","true"
"gretel-test-0018","i'm having trouble healing my wounds. my feet and hands are tingling and numb. i feel weak and fragile.","Endocrinology","Endocrinology","true"
"gretel-test-0017","i've been having a lot of trouble breathing, and i've been coughing a lot. i also have a fever, and i'm feeling really weak. i'm not sure what's wrong with me, but i'm worried that it might be something serious.","Pulmonology","Pulmonology","true"
"gretel-test-0016","i have been having a headache for the past few days and it is getting worse. i also have a sore neck and my vision is blurry.","Neurology","General Medicine","false"
"gretel-test-0015","i've been feeling feverish and chilly for a few days. i've also been sweating a lot and have a headache. my muscles are aching and i'm feeling nauseous.","General Medicine","General Medicine","true"
"gretel-test-0014","i have pain in my stomach after eating certain foods, like hot or acidic food. i also have loose stools sometimes. bending over or lying down makes my stomach feel worse.","Gastroenterology","Gastroenterology","true"
"gretel-test-0013","i have a terrible pain in my stomach and i feel really sick. i'm also running a fever. i'm worried that i might have .","General Medicine","General Medicine","true"
"gretel-test-0012","i've been feeling really sick. i have a fever, chills, nausea, and a headache. i've also been sweating a lot and my muscles ache.","General Medicine","General Medicine","true"
"gretel-test-0011","i've been coughing up phlegm and my back hurts. i also feel weak and disoriented, and my neck hurts.","Orthopedics","Orthopedics","true"
"gretel-test-0010","my muscles are weak and my neck is stiff. my joints are swollen and it hurts to walk.","Rheumatology","Rheumatology","true"
"gretel-test-0009","i'm having trouble breathing. i'm sweating a lot and i don't feel well. my chest hurts and i have a lot of mucus in my throat. i'm coughing up phlegm that's a weird color.","Pulmonology","Pulmonology","true"
"gretel-test-0008","my muscles are weak and my neck is tight. i have swollen joints and it is hard to move around without getting stiff. it is also hard to walk.","Rheumatology","Rheumatology","true"
"gretel-test-0007","i have a skin rash that gets worse in the winter when the air is dry. i have to moisturize more regularly and use humidifiers to keep my skin moisturized. i also have joint pain.","Dermatology","Dermatology","true"
"gretel-test-0006","i have a hard time eating because i feel like i'm going to throw up. i also have a lot of heartburn and a tingling sensation in my throat.","Gastroenterology","Gastroenterology","true"
"gretel-test-0005","i have been having back pain, a productive cough, and weakness in my limbs. my neck is sore and i have been dizzy and off balance.","Orthopedics","Orthopedics","true"
"gretel-test-0004","i've been scratching myself a lot lately, and my skin is covered in rashy places. i also have a few pimples that are pretty firm, and there are some spots on my body that are a different shade of brown than the rest of my skin.","Dermatology","Dermatology","true"
"gretel-test-0003","i'm sweating a lot and can't catch my breath. my throat is full of phlegm and i feel awful. my heart is racing and my chest hurts. i'm coughing up brown stuff.","Pulmonology","Pulmonology","true"
"gretel-test-0002","i've been having headaches and migraines, and i can't sleep. my whole body shakes and twitches. sometimes i feel lightheaded.","General Medicine","General Medicine","true"
"gretel-test-0001","i have a hard time swallowing and i feel like food is getting stuck in my throat. i belch a lot and feel bloated. i have a bad taste in my mouth all the time.","Gastroenterology","Gastroenterology","true"
"gretel-test-0000","i have a burning sensation in my stomach that comes and goes. it's worse when i eat and when i lie down. i also have heartburn and indigestion.","Gastroenterology","Gastroenterology","true"
"gretel-test-0023","i've been feeling really unwell. i have a high fever, chills, nausea, and intense scratching. my muscles hurt a lot, and i feel queasy. i've also been sweating a lot.","General Medicine","General Medicine","true"
"gretel-test-0103","i have heartburn and indigestion. i regularly throw up everything i eat, and swallowing is difficult for me since food gets stuck in my throat. i'm experiencing pain in my upper abdomen.","Gastroenterology","Gastroenterology","true"
"gretel-test-0024","i have a fever, headache, and red spots all over my body. the spots are itchy and swollen.","General Medicine","General Medicine","true"
"gretel-test-0026","i have to go to the bathroom a lot, but when i get there, i can't seem to empty my bladder. sometimes, i get a really strong urge to go, and my urine is dark or red.","General Medicine","General Medicine","true"
"gretel-test-0049","i've been vomiting for a few days now and i've been feeling really sick. i have stomach pains and dizziness, and i've lost my appetite. my arms, back, and neck are also in pain.","General Medicine","General Medicine","true"
"gretel-test-0048","i frequently vomit and get pain in my pelvic area. my urine sometimes smells really bad, and sometimes there is blood in it. i have trouble falling asleep because of my headaches sometimes.","General Medicine","General Medicine","true"
"gretel-test-0047","i've been feeling very sick. i have a high fever, shortness of breath, and i'm sweating and shivering. i've also been coughing up a lot of brownish phlegm and my heart is racing.","Pulmonology","Pulmonology","true"
"gretel-test-0046","i'm having trouble breathing, especially when i exercise. i'm sweating and flushed a lot, and i've been getting yeast infections a lot.","Endocrinology","Endocrinology","true"
"gretel-test-0045","i've gained a lot of weight and am now quite fat. my appetite varies, and i have cravings for various things.","General Medicine","Gastroenterology","false"
"gretel-test-0044","i have been having trouble with my vision, seeing things as distorted and experiencing visual disturbances. i have also been experiencing headaches.","Neurology","Neurology","true"
"gretel-test-0043","i have sores on my face, mostly near my nose and lips. they are painful and have a yellow or rust-colored discharge.","Dermatology","Dermatology","true"
"gretel-test-0042","my muscles are weak, and my neck is stiff. my joints are swollen, and it's hard to move around. walking is uncomfortable.","Rheumatology","Rheumatology","true"
"gretel-test-0041","i have been having a headache for the past few days. it feels like a sharp pain in my temples. i also have chest pain and dizziness.","General Medicine","General Medicine","true"
"gretel-test-0040","i've got a cold. i'm coughing a lot, and my nose is running like crazy. i can't smell anything, and my chest hurts. my muscles are sore too.","General Medicine","General Medicine","true"
"gretel-test-0039","i've been feeling really itchy lately, and i have these rashy blotches all over my skin. there are also some areas that are darker than the rest of my skin, and i have some painful lumps.","Dermatology","Dermatology","true"
"gretel-test-0038","i have a stomach ache and i am feeling feverish. i also have chills and a headache.","General Medicine","General Medicine","true"
"gretel-test-0037","i've been feeling dizzy and lightheaded, and i've been having problems keeping my balance. i've also noticed that my concentration and focus have been slipping.","General Medicine","General Medicine","true"
"gretel-test-0036","i have a fever and sores on my face. the sores are taking a long time to heal and are getting infected.","Dermatology","Dermatology","true"
"gretel-test-0035","i have a lot of acid reflux and it makes me feel sick to my stomach. i also have a lot of stomach pain.","Gastroenterology","Gastroenterology","true"
"gretel-test-0034","i have a bunch of little red bumps all over my body. they're itchy and uncomfortable. i also have a fever and a headache.","General Medicine","General Medicine","true"
"gretel-test-0033","i've been having trouble breathing, a cough that won't go away, and i'm exhausted. i've been coughing up a lot of thick, mucusy stuff and i have a fever. i'm just so tired from all of this.","Pulmonology","Pulmonology","true"
"gretel-test-0032","i'm sweating and can't catch my breath. my throat is full of phlegm and i feel terrible. my heart is racing and my chest hurts. i'm coughing up stringy, brown mucus.","Pulmonology","Pulmonology","true"
"gretel-test-0031","i've been having neck pain, instability, and balance concerns.","Orthopedics","Orthopedics","true"
"gretel-test-0030","i've been having a lot of trouble sleeping because of the high fever, headache and chills. i wake up every day having a terrible pain in my belly area. i've also been feeling really weak and tired.","General Medicine","General Medicine","true"
"gretel-test-0029","i have been feeling very sick for the past few days. i have been vomiting, i have no energy, and i have lost a lot of weight. my skin has turned yellow and my urine is dark. i have also been having abdominal pain.","General Medicine","General Medicine","true"
"gretel-test-0028","i have a rash all over my body, and it's really itchy. i also have some spots where the color of my skin is different, and some lumps and knot-like pimples.","Dermatology","Dermatology","true"
"gretel-test-0027","i've been feeling really tired lately. i can barely keep my eyes open during the day, and i've been feeling lethargic and unable to motivate myself. i've also been having a lot of trouble sleeping.","General Medicine","General Medicine","true"
"gretel-test-0025","i've been experiencing a lot of pain in my joints, especially my knees and hands. i've also been feeling really stiff and my joints have been swollen. i've been having trouble walking and doing other activities that i normally do.","Rheumatology","Rheumatology","true"
"gretel-test-0104","i've been experiencing stiffness and weakness in my neck muscles recently. i've also been having trouble running and walking because of the stiffness in my joints.","Rheumatology","Rheumatology","true"
"gretel-test-0210","i've been coughing a lot for a few days now. it's been hard for me to catch my breath, and i've been feeling very exhausted. i've also been producing a lot of mucus when i cough.","Pulmonology","Pulmonology","true"
"gretel-test-0106","i have a lot of rashes and skin irritations, especially in the crevices of my skin. my skin bruises and cuts also take a long time to heal.","Endocrinology","Endocrinology","true"
"gretel-test-0182","i've been feeling really tired and sick to my stomach. i've also been losing weight and have a fever. my urine is really dark and my skin is yellow. i've also been having stomach pains.","General Medicine","General Medicine","true"
"gretel-test-0181","i've been having a lot of headaches and dizziness lately. i also feel like i'm not able to focus as well as i used to.","General Medicine","Neurology","false"
"gretel-test-0180","i've been having diarrhea for the past few days. it's been really bad, and it's been accompanied by abdominal cramps and bloating.","General Medicine","Gastroenterology","false"
"gretel-test-0179","i have a chronic cough, back ache, and limb weakness. i also have disorientation and balance loss, and my neck hurts.","Orthopedics","Orthopedics","true"
"gretel-test-0178","i have a burning sensation in my stomach and i have to use antacids to get rid of it. i have lost weight and i have a hard time gaining it back.","Gastroenterology","Gastroenterology","true"
"gretel-test-0177","i have a constant sour taste in my mouth, even when i haven't eaten anything acidic. i also frequently have a lump in my throat and the hiccups.","Gastroenterology","Gastroenterology","true"
"gretel-test-0176","i have a runny nose and i am sneezing all the time. my eyes are itchy and often watery, and i am coughing all the time. my head hurts all the time. i am also feeling very tired.","General Medicine","General Medicine","true"
"gretel-test-0175","i have a lot of stomach pain and i have to take antacids to relieve it. i also have a lot of heartburn. i have lost a lot of weight and i find it hard to gain weight.","Gastroenterology","Gastroenterology","true"
"gretel-test-0174","i have a rash on my back and chest, and my skin is itchy. sometimes my skin is flaky, and i get body marks.","General Medicine","General Medicine","true"
"gretel-test-0173","i have these itchy, rashy spots all over my skin. they're also a different color than the rest of my skin, and i have some bumps that are kind of hard.","Dermatology","Dermatology","true"
"gretel-test-0183","i have a rash on my face. i have little sores around my nose that are oozing yellow stuff. the sores are really painful.","Dermatology","Dermatology","true"
"gretel-test-0172","i've been feeling really weak and my neck is really stiff. it's hard to move around because my joints are swollen and it's uncomfortable to walk.","Rheumatology","Rheumatology","true"
"gretel-test-0170","i've been having pain in my calves for a while now. it's worse when i stand or walk for long periods of time. my legs have also started to swell and i can see some blood vessels that are quite noticeable.","Vascular Surgery","Vascular Surgery","true"
"gretel-test-0169","i have been having a lot of pain in my back, neck, and limbs. i also have been coughing a lot and i feel dizzy and off balance.","Orthopedics","Orthopedics","true"
"gretel-test-0168","i've been itching and have rashy patches all over my skin recently. there are also some regions that don't appear to be the regular tone of my skin, and i've experienced some painful bumps.","Dermatology","Dermatology","true"
"gretel-test-0167","i have a rash on my legs that is causing a lot of discomforts. it seems there is a cramp and i can see prominent veins on the calf. also, i have been feeling very tired and fatigued in the past couple of days.","Vascular Surgery","Vascular Surgery","true"
"gretel-test-0166","i have a metallic taste in my mouth and my sense of taste and smell is different. i also have severe joint and muscle pain.","General Medicine","General Medicine","true"
"gretel-test-0165","i've been having swelling in my legs for a few weeks now. it's gotten worse, and now i can see a lot of veins on my calves. i'm worried about it.","Vascular Surgery","Vascular Surgery","true"
"gretel-test-0164","i've noticed that my legs have been swollen for a few weeks now, and it's starting to get worse. i'm also having trouble fitting into my shoes, and it's uncomfortable to sit for long periods of time.","Vascular Surgery","Vascular Surgery","true"
"gretel-test-0163","i have a stuffy nose and a sore throat. i also have a cough and my chest hurts. i have lost my sense of smell and taste.","General Medicine","General Medicine","true"
"gretel-test-0162","i'm having trouble breathing and i feel like i'm drowning. i'm coughing up a lot of phlegm and my chest hurts. i'm also sweating a lot and my heart is racing.","Pulmonology","Pulmonology","true"
"gretel-test-0161","i've been feeling dizzy and lightheaded, and i've been having trouble concentrating and focusing.","General Medicine","General Medicine","true"
"gretel-test-0171","i have been having a headache for the past week. it started out as a dull ache, but it has gotten worse and is now a sharp pain. it is also accompanied by stomach pains, constipation, and diarrhea. i am really worried about it.","General Medicine","General Medicine","true"
"gretel-test-0184","i'm having trouble breathing and i'm really uncomfortable. i'm sweating a lot and my throat is full of mucus. my chest hurts and my heart is racing. i'm coughing up dark mucus.","Pulmonology","Pulmonology","true"
"gretel-test-0185","i've been having trouble breathing, i'm coughing a lot, and i'm really tired. i have a fever and i'm coughing up a lot of mucus.","Pulmonology","Pulmonology","true"
"gretel-test-0186","i've been having a headache, chest pain, and feeling unstable and off balance. i've also been feeling unwell and having problems focusing.","General Medicine","General Medicine","true"
"gretel-test-0105","i have a sore throat and i sneeze a lot. sometimes my eyes and lips swell up. i can't stop sneezing once i start.","General Medicine","General Medicine","true"
"gretel-test-0209","i've been having a hard time breathing, and i've been coughing up a lot of mucous. i'm also feeling really tired and weak.","Pulmonology","Pulmonology","true"
"gretel-test-0208","i have red, irritated skin on my arms, face, and back. it's often itchy and uncomfortable. my nails are also inflamed and have small dents in them. i've never seen anything like this before.","Dermatology","Dermatology","true"
"gretel-test-0207","i have been experiencing muscle pain that makes it difficult for me to move around. i have lost my apetite and feel vomiting. my legs and back pain a lot. i have been feeling very weak and tired.","General Medicine","General Medicine","true"
"gretel-test-0206","i've been feeling really itchy all over my body, and i have a rash that's really red and irritating.","General Medicine","General Medicine","true"
"gretel-test-0205","i have a burning sensation in my stomach that comes and goes. i also have heartburn, indigestion, and nausea.","Gastroenterology","Gastroenterology","true"
"gretel-test-0204","i've been having trouble breathing and i've been coughing up a lot of mucus. i've also been feeling really tired.","Pulmonology","Pulmonology","true"
"gretel-test-0203","i've been having really bad nausea and my chest hurts. i've been really nervous and i shiver a lot.","General Medicine","General Medicine","true"
"gretel-test-0202","my muscles have been feeling weak and my joints have been swollen. it has been hard to move around and it hurts to walk.","Rheumatology","Rheumatology","true"
"gretel-test-0201","i've had trouble sleeping because of the rash's pain and itching. the skin on my fingers are starting to peel off. my nails have a few tiny cracks, which is really worrying.","Dermatology","Dermatology","true"
"gretel-test-0200","i've been feeling really sick lately. i've been throwing up and i'm itchy all over. i've also lost a lot of weight and i'm really exhausted. my skin has turned yellow and i have a fever. my stomach has been hurting too.","General Medicine","General Medicine","true"
"gretel-test-0199","i've been having trouble swallowing, and my appetite has decreased. i also have a sore throat, and my nose has been running.","General Medicine","General Medicine","true"
"gretel-test-0198","my legs are really bothering me. i get cramps when i exercise and the blood vessels are really noticeable.","Vascular Surgery","Vascular Surgery","true"
"gretel-test-0196","i've been feeling really weak in my muscles lately and my neck has been really stiff. my joints are swollen and it's hard for me to move around. walking is also hard.","Rheumatology","Rheumatology","true"
"gretel-test-0195","i have a fever and my back hurts. i also have rashes on my arms and neck and the back of my eyes hurt. i am worried about my health.","General Medicine","General Medicine","true"
"gretel-test-0194","i've been coughing a lot and having trouble breathing. i'm also very tired and weak, and i have a high fever.","Pulmonology","Pulmonology","true"
"gretel-test-0193","i've been experiencing a lot of headaches, nausea, and sensitivity to light. i've also been feeling very irritable and impatient.","Neurology","Neurology","true"
"gretel-test-0192","i've been drinking a lot more water and urinating more often lately. my mouth and throat are always dry. i've also been hungrier than usual.","Endocrinology","Endocrinology","true"
"gretel-test-0191","i have a really bad cold. i can't stop coughing and my sinuses are all blocked. i have a lot of mucus and my chest hurts. i can't smell anything and my muscles are really sore.","General Medicine","General Medicine","true"
"gretel-test-0190","i have a rash on my skin that is causing a lot of discomfort. it is red and inflamed, and it is spreading all over my body. the rash is also accompanied by intense itching, especially on my arms and legs.","General Medicine","Dermatology","false"
"gretel-test-0189","i have been feeling really sick lately. i have been having chills and fever, and my stomach has been hurting really badly. i just don't feel like myself at all.","General Medicine","General Medicine","true"
"gretel-test-0188","i have been experiencing eyesight problems, increased appetite, a sore neck, melancholy, irritability, regular headaches, acid reflux, indigestion, and frequent migraines. these symptoms have been making my regular activities more challenging and causing me a great deal of distress.","Neurology","Neurology","true"
"gretel-test-0187","i've been feeling really sick lately. i've got a runny nose, a fever, and i've been coughing a lot. i'm also really tired and i don't feel like eating much.","General Medicine","General Medicine","true"
"gretel-test-0160","i have been experiencing a severe headache for the past few days. it is accompanied by pain behind my eyes. i feel tired and fatigued because of which i cannot work all day. i am worried about my health.","General Medicine","General Medicine","true"
"gretel-test-0159","i have been feeling very tired and weak. i have also been vomiting and have developed rashes on my arms, neck, and legs.","General Medicine","General Medicine","true"
"gretel-test-0197","my skin sometimes peels off because of my rashes. i get sick more often because of it. my hands sometimes shake and i get shaky.","General Medicine","General Medicine","true"
"gretel-test-0157","i have been having pain in my bladder and have been getting up to pee a lot.","General Medicine","General Medicine","true"
"gretel-test-0129","i've been feeling really tired and achy, and i have this cough that just won't quit. it hurts when i cough, and my chest feels tight. i've also been coughing up a lot of gross-looking mucus.","Pulmonology","Pulmonology","true"
"gretel-test-0128","i have itchy, red skin that sometimes flakes. my face and lips puff up, which is really annoying. i also get watery eyes and headaches when the puffing gets bad.","General Medicine","General Medicine","true"
"gretel-test-0127","i have a rash on my face that is red, swollen, and tender to the touch. it is also very uncomfortable to handle.","Dermatology","Dermatology","true"
"gretel-test-0126","i have a pretty irritating itch all over my body, and my skin also has a few red, bumpy areas. i've also had some pimples that resemble small balls and other spots that are a different colour than the rest of my skin.","Dermatology","Dermatology","true"
"gretel-test-0125","i have a lot of red spots on my arms and back. they are itchy and i feel tired all the time. i am worried about what it could be.","General Medicine","General Medicine","true"
"gretel-test-0124","i have a fever, headache, and a rash on my arms and face. i'm really worried about it. i also have red sores near my nose.","Dermatology","Dermatology","true"
"gretel-test-0123","i've been feeling really dizzy and lightheaded lately. i also have a headache and my chest hurts. i'm not sure what's going on, but i'm worried.","General Medicine","General Medicine","true"
"gretel-test-0122","i have dry, flaky patches of skin that are prone to infection. my joints are in a lot of pain. the skin on my knees and elbows is starting to flake.","Dermatology","Dermatology","true"
"gretel-test-0121","i've been having a hard time eating and swallowing. my nose is running and my throat hurts.","General Medicine","Gastroenterology","false"
"gretel-test-0120","i have a fever, chills, and vomiting. i also have a headache, and i've been sweating a lot. i also feel nauseous and have muscle aches.","General Medicine","General Medicine","true"
"gretel-test-0119","i've been experiencing constipation and diarrhea. i also have a lack of appetite and energy.","Gastroenterology","Gastroenterology","true"
"gretel-test-0118","i have a lot of red pimples and itchy skin on my arms and legs. i also have a few odd-looking lesions on my skin. and occasionally there are bumps that are somewhat uncomfortable.","Dermatology","Dermatology","true"
"gretel-test-0117","i have back pain, trouble breathing, and weakness in my arms and legs. i also have vertigo and balance problems, and my neck hurts.","Orthopedics","Orthopedics","true"
"gretel-test-0116","i'm having a hard time breathing. i'm not feeling well, and i'm sweating a lot. i have a lot of mucous in my throat and my chest hurts. my breathing is labored, and the phlegm i'm coughing up is a weird color.","Pulmonology","Pulmonology","true"
"gretel-test-0115","i have a silvery layer on my skin, especially on my back and arms. it's made up of small scales that peel off easily when i rub them. i also have rashes all over my body.","Dermatology","Dermatology","true"
"gretel-test-0113","i have a really bad cold. my nose is stuffy, my eyes are red and watery, and i have a hard time breathing. my chest hurts, and my muscles are sore. i can't smell anything.","General Medicine","General Medicine","true"
"gretel-test-0112","i have been having headaches and digestive issues, including acid reflux and indigestion, for a while now. i also have a sore neck, depression, irritability, and visual disturbance.","Neurology","Neurology","true"
"gretel-test-0111","i have a rash all over my body and it's really itchy. i'm also vomiting and my joints hurt.","General Medicine","General Medicine","true"
"gretel-test-0110","i have a rash all over my body, and i can't stop scratching because my skin is itchy. my skin also has a few spots where the color is different and some lumps and knot-like pimples.","Dermatology","Dermatology","true"
"gretel-test-0109","i have a sore throat and a scratchy voice every morning. my throat hurts all the time, and i have bad breath. i also burp a lot.","Gastroenterology","Gastroenterology","true"
"gretel-test-0108","i have a rash on my nose that started out small but has gotten bigger and is now red and oozing. it hurts and i think it might be an infection.","Dermatology","Dermatology","true"
"gretel-test-0158","i have a silvery dusting on my skin, especially on my lower back and scalp. it is made up of small scales that flake off easily when i scratch them.","Dermatology","Dermatology","true"
"gretel-test-0107","i have been having a lot of pain in my neck and back. i also have been coughing a lot and i feel weak in my arms and legs. i have also been dizzy and i have trouble balancing myself.","Orthopedics","Orthopedics","true"
"gretel-test-0130","i have been experiencing neck pain, weakness in my arms and legs, and a persistent cough. i also have balance issues and dizziness.","Orthopedics","Orthopedics","true"
"gretel-test-0131","i have been having a lot of problems with my skin. it is constantly peeling and i have developed rashes on my arms. it is really itchy and it is making my life miserable.","Dermatology","General Medicine","false"
"gretel-test-0114","i have a lot of heartburn and indigestion. it's worse when i eat spicy or fatty foods. it also hurts when i lean forward or lie down.","Gastroenterology","Gastroenterology","true"
"gretel-test-0133","i have a metallic taste in my mouth and my sense of taste and smell has changed. i also get muscle and joint aches sometimes.","General Medicine","General Medicine","true"
"gretel-test-0155","i have been having headaches, and i have been feeling sick to my stomach. i have also been having trouble seeing clearly.","Neurology","Neurology","true"
"gretel-test-0156","i've been having a terrible cough, i can't breathe well, and i'm so tired. i've been coughing up a lot of thick, mucusy stuff, and i have a fever. i feel really bad.","Pulmonology","Pulmonology","true"
"gretel-test-0132","i have been feeling very tired and weak. i have no appetite. i have been having a fever and chills every night. i have also been vomiting since yesterday.","General Medicine","General Medicine","true"
"gretel-test-0154","i have red, scaly patches on my skin. they are itchy and sometimes painful. they are usually on my knees, elbows, and scalp.","Dermatology","Dermatology","true"
"gretel-test-0153","i've been feeling really sick. i've been scratching a lot, and i've been having chills, vomiting, and a fever. i also have a headache and i'm sweating a lot. i've been feeling really nauseous, and my muscles are sore.","General Medicine","General Medicine","true"
"gretel-test-0152","i have a stomach ache that is worse when i bend over or lie down. i also have discomfort when i eat certain foods, like spicy or acidic foods. this sometimes causes me to have loose stools.","Gastroenterology","Gastroenterology","true"
"gretel-test-0150","i have on my legs. they are swollen and protrude from my skin. they are very uncomfortable.","Vascular Surgery","Vascular Surgery","true"
"gretel-test-0149","i have been feeling fine all day, but suddenly developed a headache, chest pain, and dizziness while driving home from work. it's been hard for me to focus and concentrate on the road since then. i'm not sure what's wrong with me, but i'm worried.","General Medicine","General Medicine","true"
"gretel-test-0148","i've been having a hard time breathing lately. i've been coughing a lot, and it's hard to get a full breath. i'm also feeling really tired and weak.","Pulmonology","Pulmonology","true"
"gretel-test-0147","i have been feeling fine all day, but suddenly developed a headache, chest pain, and dizziness while out for a run. it's been hard for me to maintain my balance since then. i'm not sure what's going on, but i'm worried.","General Medicine","General Medicine","true"
"gretel-test-0146","i have a burning pain in my stomach that comes and goes. i have problems swallowing and feel bloated and gassy. i have a bitter taste in my mouth.","Gastroenterology","Gastroenterology","true"
"gretel-test-0145","i've been sneezing a lot and i'm really tired. my throat hurts and i have a lot of mucus in my nose and throat. my neck is also swollen and puffy.","General Medicine","General Medicine","true"
"gretel-test-0151","i have blood in my urine sometimes and i feel sick to my stomach. i also get hot at night and my pee smells bad.","General Medicine","General Medicine","true"
"gretel-test-0138","i've been having a lot of pain in my lower abdomen. it feels like it may explode when i urinate. i've also been feeling weak and my body temperature has been low.","General Medicine","General Medicine","true"
"gretel-test-0144","i have on my legs and they are very noticeable. they are also uncomfortable and i get cramps when i run.","Vascular Surgery","Vascular Surgery","true"
"gretel-test-0134","i have a high fever, chills, and severe itching. i have a headache and i'm also sweating a lot. i've been feeling nauseous and my muscles are aching.","General Medicine","General Medicine","true"
"gretel-test-0137","i have in my legs.","Vascular Surgery","Vascular Surgery","true"
"gretel-test-0136","i have a rash on my face that is not healing. i have tried some medications but it is not helping much. i also have small sores near my nose that are painful and difficult to handle.","Dermatology","Dermatology","true"
"gretel-test-0139","i've been vomiting and having diarrhea for a few days. i'm also having a hard time keeping down liquids. i have a fever, a headache, and my stomach hurts. i can't do anything physical because i'm so weak.","General Medicine","General Medicine","true"
"gretel-test-0135","i've been drinking a lot more water and going to the bathroom more often. my mouth and throat are always dry. i've been really hungry lately.","Endocrinology","Endocrinology","true"
"gretel-test-0140","i've been feeling really sick and tired. i've lost weight and have a fever. my urine is dark and my skin is yellow. i've also been having stomach pain.","General Medicine","General Medicine","true"
"gretel-test-0141","i have a mild fever and blood in my urine. my head hurts almost constantly, and i frequently have to urinate very badly. i also have a pain in my lower back.","General Medicine","General Medicine","true"
"gretel-test-0142","i've noticed that the sores on my face are taking a long time to heal and are more likely to get infected. the sores on my cheeks are big, painful, and difficult to treat. i can't seem to get rid of them.","Dermatology","Dermatology","true"
"gretel-test-0143","i have a rash that is red and itchy. it is covered in silvery scales. it is on my back, elbows, and knees.","Dermatology","Dermatology","true"